rank,user_id,nickname,status,team1,team2,team3,total_pts,switches,registered_at_utc
1,06,Set Piece FC,Registered,England,Argentina,Spain,94,2,2026-06-10 06:07
2,31,Jun,Registered,Spain,England,Argentina,88,1,2026-06-09 01:43
3,25,GGMU,Registered,Spain,England,Argentina,87,1,2026-06-08 08:55
4,19,Eunice,Registered,Argentina,France,Spain,86,0,2026-06-10 07:00
4,30,Jane,Registered,France,Argentina,Spain,86,2,2026-06-09 10:35
6,12,JL,Registered,Argentina,Spain,France,83,3,2026-06-12 08:22
6,14,Cavern Club,Registered,Argentina,France,Spain,83,1,2026-06-08 09:58
6,26,NoVAR,Registered,Spain,France,Argentina,83,1,2026-06-10 07:27
9,05,CR7,Registered,Argentina,France,Spain,82,3,2026-06-10 10:41
10,09,shl,Registered,Spain,France,England,80,0,2026-06-12 05:19
10,20,Winner,Registered,France,England,Spain,80,0,2026-06-11 01:35
10,21,Fat and Furious,Registered,Spain,France,England,80,0,2026-06-10 10:06
13,24,Stanley,Registered,France,Argentina,Spain,79,3,2026-06-10 07:26
14,07,TB,Registered,Spain,France,England,77,1,2026-06-09 01:04
15,18,WinnerZ,Registered,Spain,France,England,75,1,2026-06-12 06:16
15,22,Noel,Registered,Argentina,Spain,France,75,3,2026-06-08 09:09
17,32,Hello World,Registered,Spain,Argentina,France,74,6,2026-06-02 18:14
18,04,HQ,Registered,Spain,Uruguay,England,68,1,2026-06-09 07:40
18,16,CHL,Registered,England,France,Argentina,68,0,2026-06-08 09:46
20,15,Condo,Registered,France,Spain,Portugal,66,0,2026-06-09 11:51
21,17,Candy,Registered,Argentina,Spain,France,59,4,2026-06-24 01:52
22,02,Sir Alex Ferguson,Registered,France,Argentina,Norway,57,4,2026-06-10 09:43
23,27,huat ah,Registered,France,Portugal,Argentina,54,0,2026-06-10 08:35
24,11,Catlover1234,Registered,France,Germany,South Africa,26,0,2026-06-15 03:24
25,13,PredictablyLate,Registered,Argentina,France,England,22,0,2026-07-13 06:24
