id,user_id,claimed,nickname,team1,team2,team3,created_at,updated_at,joined_at
1,01,0,,,,,2026-06-02 18:14:18.606966+00,2026-06-02 18:14:18.606966+00,
2,02,1,Sir Alex Ferguson,18,2,31,2026-06-02 18:14:18.606966+00,2026-06-02 18:14:18.606966+00,2026-06-10 09:43:16.747402+00
3,03,0,,,,,2026-06-02 18:14:18.606966+00,2026-06-02 18:14:18.606966+00,
4,04,1,HQ,41,47,17,2026-06-02 18:14:18.606966+00,2026-06-02 18:14:18.606966+00,2026-06-09 07:40:50.099259+00
5,05,1,CR7,2,18,41,2026-06-02 18:14:18.606966+00,2026-06-02 18:14:18.606966+00,2026-06-10 10:41:19.58685+00
6,06,1,Set Piece FC,17,2,41,2026-06-02 18:14:18.606966+00,2026-06-02 18:14:18.606966+00,2026-06-10 06:07:19.478138+00
7,07,1,TB,41,18,17,2026-06-02 18:14:18.606966+00,2026-06-02 18:14:18.606966+00,2026-06-09 01:04:28.20182+00
8,08,0,,,,,2026-06-02 18:14:18.606966+00,2026-06-02 18:14:18.606966+00,
9,09,1,shl,41,18,17,2026-06-02 18:14:18.606966+00,2026-06-02 18:14:18.606966+00,2026-06-12 05:19:53.193712+00
10,10,0,,,,,2026-06-02 18:14:18.606966+00,2026-06-02 18:14:18.606966+00,
11,11,1,Catlover1234,18,19,39,2026-06-02 18:14:18.606966+00,2026-06-02 18:14:18.606966+00,2026-06-15 03:24:12.171837+00
12,12,1,JL,2,41,18,2026-06-02 18:14:18.606966+00,2026-06-02 18:14:18.606966+00,2026-06-12 08:22:45.896348+00
13,13,1,PredictablyLate,2,18,17,2026-06-02 18:14:18.606966+00,2026-06-02 18:14:18.606966+00,2026-07-13 06:24:37.502714+00
14,14,1,Cavern Club,2,18,41,2026-06-02 18:14:18.606966+00,2026-06-02 18:14:18.606966+00,2026-06-08 09:58:18.374264+00
15,15,1,Condo,18,41,34,2026-06-02 18:14:18.606966+00,2026-06-02 18:14:18.606966+00,2026-06-09 11:51:41.98908+00
16,16,1,CHL,17,18,2,2026-06-02 18:14:18.606966+00,2026-06-02 18:14:18.606966+00,2026-06-08 09:46:37.575973+00
17,17,1,Candy,2,41,18,2026-06-02 18:14:18.606966+00,2026-06-02 18:14:18.606966+00,2026-06-24 01:52:38.505303+00
18,18,1,WinnerZ,41,18,17,2026-06-02 18:14:18.606966+00,2026-06-02 18:14:18.606966+00,2026-06-12 06:16:37.698121+00
19,19,1,Eunice,2,18,41,2026-06-02 18:14:18.606966+00,2026-06-02 18:14:18.606966+00,2026-06-10 07:00:10.97254+00
20,20,1,Winner,18,17,41,2026-06-02 18:14:18.606966+00,2026-06-02 18:14:18.606966+00,2026-06-11 01:35:15.162646+00
21,21,1,Fat and Furious,41,18,17,2026-06-02 18:14:18.606966+00,2026-06-02 18:14:18.606966+00,2026-06-10 10:06:13.802294+00
22,22,1,Noel,2,41,18,2026-06-02 18:14:18.606966+00,2026-06-02 18:14:18.606966+00,2026-06-08 09:09:45.37344+00
23,23,0,,,,,2026-06-02 18:14:18.606966+00,2026-06-02 18:14:18.606966+00,
24,24,1,Stanley,18,2,41,2026-06-02 18:14:18.606966+00,2026-06-02 18:14:18.606966+00,2026-06-10 07:26:15.882076+00
25,25,1,GGMU,41,17,2,2026-06-02 18:14:18.606966+00,2026-06-02 18:14:18.606966+00,2026-06-08 08:55:15.862932+00
26,26,1,NoVAR,41,18,2,2026-06-02 18:14:18.606966+00,2026-06-02 18:14:18.606966+00,2026-06-10 07:27:37.176874+00
27,27,1,huat ah,18,34,2,2026-06-02 18:14:18.606966+00,2026-06-02 18:14:18.606966+00,2026-06-10 08:35:26.677726+00
28,28,0,,,,,2026-06-02 18:14:18.606966+00,2026-06-02 18:14:18.606966+00,
29,29,0,,,,,2026-06-02 18:14:18.606966+00,2026-06-02 18:14:18.606966+00,
30,30,1,Jane,18,2,41,2026-06-02 18:14:18.606966+00,2026-06-02 18:14:18.606966+00,2026-06-09 10:35:24.587894+00
31,31,1,Jun,41,17,2,2026-06-02 18:14:18.606966+00,2026-06-02 18:14:18.606966+00,2026-06-09 01:43:44.30632+00
32,32,1,Hello World,41,2,18,2026-06-02 18:14:18.606966+00,2026-06-02 18:14:18.606966+00,
