id,participant_id,slot,team_id,start_at,end_at
46,2,1,18,2026-06-10 09:43:16.750593+00,
47,2,2,41,2026-06-10 09:43:16.752386+00,2026-07-06 05:43:28.091695+00
83,2,2,2,2026-07-06 05:43:28.095551+00,2026-07-06 05:44:41.695797+00
84,2,2,41,2026-07-06 05:44:41.699315+00,2026-07-06 05:45:36.187355+00
85,2,2,2,2026-07-06 05:45:36.190958+00,
48,2,3,7,2026-06-10 09:43:16.754118+00,2026-07-06 01:04:52.206411+00
81,2,3,31,2026-07-06 01:04:52.209843+00,
4,4,1,41,2026-06-09 07:40:50.099259+00,
5,4,2,13,2026-06-09 07:40:50.099259+00,2026-07-08 10:53:48.423171+00
104,4,2,47,2026-07-08 10:53:48.426603+00,
6,4,3,17,2026-06-09 07:40:50.099259+00,
52,5,1,34,2026-06-10 10:41:19.589693+00,2026-07-07 05:27:19.304313+00
92,5,1,11,2026-07-07 05:27:19.307752+00,2026-07-08 00:18:47.917501+00
94,5,1,31,2026-07-08 00:18:47.920997+00,2026-07-13 00:22:59.608466+00
106,5,1,2,2026-07-13 00:22:59.611872+00,
53,5,2,18,2026-06-10 10:41:19.59156+00,
54,5,3,41,2026-06-10 10:41:19.593335+00,
16,6,1,18,2026-06-10 06:07:19.478138+00,2026-07-15 03:29:50.995977+00
112,6,1,17,2026-07-15 03:29:50.999464+00,
17,6,2,7,2026-06-10 06:07:19.478138+00,2026-07-07 01:22:07.605698+00
91,6,2,2,2026-07-07 01:22:07.609104+00,
18,6,3,41,2026-06-10 06:07:19.478138+00,
31,7,1,41,2026-06-09 01:04:28.20182+00,
32,7,2,18,2026-06-09 01:04:28.20182+00,
33,7,3,7,2026-06-09 01:04:28.20182+00,2026-07-09 15:14:32.594075+00
105,7,3,17,2026-07-09 15:14:32.597441+00,
60,9,1,41,2026-06-12 05:19:53.19754+00,
61,9,2,18,2026-06-12 05:19:53.200404+00,
62,9,3,17,2026-06-12 05:19:53.202295+00,
70,11,1,18,2026-06-15 03:24:12.17471+00,
71,11,2,19,2026-06-15 03:24:12.176697+00,
72,11,3,39,2026-06-15 03:24:12.178488+00,
66,12,1,7,2026-06-12 08:22:45.899423+00,2026-07-08 07:38:10.506579+00
100,12,1,2,2026-07-08 07:38:10.509901+00,2026-07-08 07:38:54.494248+00
101,12,1,17,2026-07-08 07:38:54.497588+00,2026-07-08 07:38:59.890206+00
102,12,1,2,2026-07-08 07:38:59.893617+00,
67,12,2,41,2026-06-12 08:22:45.901531+00,
68,12,3,18,2026-06-12 08:22:45.903395+00,
107,13,1,2,2026-07-13 06:24:37.505598+00,
108,13,2,18,2026-07-13 06:24:37.507579+00,
109,13,3,17,2026-07-13 06:24:37.509323+00,
28,14,1,7,2026-06-08 09:58:18.374264+00,2026-07-08 06:19:01.511288+00
97,14,1,2,2026-07-08 06:19:01.514897+00,
29,14,2,18,2026-06-08 09:58:18.374264+00,
30,14,3,41,2026-06-08 09:58:18.374264+00,
13,15,1,18,2026-06-09 11:51:41.98908+00,
14,15,2,41,2026-06-09 11:51:41.98908+00,
15,15,3,34,2026-06-09 11:51:41.98908+00,
25,16,1,17,2026-06-08 09:46:37.575973+00,
26,16,2,18,2026-06-08 09:46:37.575973+00,
27,16,3,2,2026-06-08 09:46:37.575973+00,
73,17,1,2,2026-06-24 01:52:38.508079+00,
74,17,2,34,2026-06-24 01:52:38.510036+00,2026-07-07 01:14:24.394668+00
90,17,2,17,2026-07-07 01:14:24.398093+00,2026-07-13 08:37:33.821272+00
111,17,2,41,2026-07-13 08:37:33.824884+00,
75,17,3,29,2026-06-24 01:52:38.511839+00,2026-07-01 06:03:43.006038+00
79,17,3,31,2026-07-01 06:03:43.009437+00,2026-07-13 07:45:02.798191+00
110,17,3,18,2026-07-13 07:45:02.801922+00,
63,18,1,41,2026-06-12 06:16:37.70101+00,
64,18,2,18,2026-06-12 06:16:37.702967+00,
65,18,3,34,2026-06-12 06:16:37.704691+00,2026-07-08 08:27:30.721066+00
103,18,3,17,2026-07-08 08:27:30.724466+00,
34,19,1,2,2026-06-10 07:00:10.97254+00,
35,19,2,18,2026-06-10 07:00:10.97254+00,
36,19,3,41,2026-06-10 07:00:10.97254+00,
55,20,1,18,2026-06-11 01:35:15.165637+00,
56,20,2,17,2026-06-11 01:35:15.168865+00,
57,20,3,41,2026-06-11 01:35:15.171355+00,
49,21,1,41,2026-06-10 10:06:13.810142+00,
50,21,2,18,2026-06-10 10:06:13.812588+00,
51,21,3,17,2026-06-10 10:06:13.903545+00,
22,22,1,2,2026-06-08 09:09:45.37344+00,
23,22,2,19,2026-06-08 09:09:45.37344+00,2026-07-03 06:50:41.191642+00
80,22,2,27,2026-07-03 06:50:41.195069+00,2026-07-08 04:18:36.790266+00
95,22,2,41,2026-07-08 04:18:36.793722+00,
24,22,3,7,2026-06-08 09:09:45.37344+00,2026-07-08 04:18:47.518078+00
96,22,3,18,2026-07-08 04:18:47.521619+00,
37,24,1,25,2026-06-10 07:26:15.882076+00,2026-06-30 01:22:26.690745+00
78,24,1,18,2026-06-30 01:22:26.694175+00,
38,24,2,27,2026-06-10 07:26:15.882076+00,2026-07-07 01:13:37.315013+00
88,24,2,2,2026-07-07 01:13:37.31836+00,
39,24,3,34,2026-06-10 07:26:15.882076+00,2026-07-07 01:13:47.998425+00
89,24,3,41,2026-07-07 01:13:48.001754+00,
19,25,1,41,2026-06-08 08:55:15.862932+00,
20,25,2,17,2026-06-08 08:55:15.862932+00,
21,25,3,7,2026-06-08 08:55:15.862932+00,2026-07-08 07:20:30.105497+00
98,25,3,2,2026-07-08 07:20:30.108945+00,
40,26,1,41,2026-06-10 07:27:37.176874+00,
41,26,2,18,2026-06-10 07:27:37.176874+00,
42,26,3,7,2026-06-10 07:27:37.176874+00,2026-07-08 07:24:52.195249+00
99,26,3,2,2026-07-08 07:24:52.198877+00,
43,27,1,18,2026-06-10 08:35:26.677726+00,
44,27,2,34,2026-06-10 08:35:26.677726+00,
45,27,3,2,2026-06-10 08:35:26.677726+00,
10,30,1,18,2026-06-09 10:35:24.587894+00,
11,30,2,7,2026-06-09 10:35:24.587894+00,2026-07-06 10:32:36.416824+00
86,30,2,2,2026-07-06 10:32:36.420171+00,
12,30,3,17,2026-06-09 10:35:24.587894+00,2026-06-15 01:08:27.214011+00
69,30,3,41,2026-06-15 01:08:27.217338+00,
1,31,1,41,2026-06-09 01:43:44.30632+00,
2,31,2,17,2026-06-09 01:43:44.30632+00,
3,31,3,34,2026-06-09 01:43:44.30632+00,2026-07-07 06:41:15.496965+00
93,31,3,2,2026-07-07 06:41:15.500307+00,
7,32,1,41,2026-06-02 18:14:18.606966+00,2026-06-12 00:35:51.704867+00
58,32,1,40,2026-06-12 00:35:51.709314+00,2026-06-29 02:03:02.79036+00
76,32,1,41,2026-06-29 02:03:02.793978+00,
8,32,2,2,2026-06-02 18:14:18.606966+00,2026-06-12 00:36:34.210138+00
59,32,2,46,2026-06-12 00:36:34.213411+00,2026-06-29 02:03:12.197896+00
77,32,2,2,2026-06-29 02:03:12.201392+00,
9,32,3,7,2026-06-02 18:14:18.606966+00,2026-07-06 02:36:48.992011+00
82,32,3,27,2026-07-06 02:36:48.995398+00,2026-07-06 12:20:55.400565+00
87,32,3,18,2026-07-06 12:20:55.403926+00,
