id,home_id,away_id,home_goals,away_goals,status,stage,winner,utc_date,grp,duration,pen_home,pen_away,ft_home,ft_away
537327,27,39,2,0,FT,GROUP_STAGE,H,2026-06-11 19:00:00+00,GROUP_A,REGULAR,,,2,0
537328,40,10,2,1,FT,GROUP_STAGE,H,2026-06-12 02:00:00+00,GROUP_A,REGULAR,,,2,1
537333,8,6,1,1,FT,GROUP_STAGE,D,2026-06-12 19:00:00+00,GROUP_B,REGULAR,,,1,1
537345,46,33,4,1,FT,GROUP_STAGE,H,2026-06-13 01:00:00+00,GROUP_D,REGULAR,,,4,1
537334,35,43,1,1,FT,GROUP_STAGE,D,2026-06-13 19:00:00+00,GROUP_B,REGULAR,,,1,1
537339,7,28,1,1,FT,GROUP_STAGE,D,2026-06-13 22:00:00+00,GROUP_C,REGULAR,,,1,1
537340,21,37,0,1,FT,GROUP_STAGE,A,2026-06-14 01:00:00+00,GROUP_C,REGULAR,,,0,1
537346,3,45,2,0,FT,GROUP_STAGE,H,2026-06-14 04:00:00+00,GROUP_D,REGULAR,,,2,0
537351,19,14,7,1,FT,GROUP_STAGE,H,2026-06-14 17:00:00+00,GROUP_E,REGULAR,,,7,1
537357,29,25,2,2,FT,GROUP_STAGE,D,2026-06-14 20:00:00+00,GROUP_F,REGULAR,,,2,2
537352,24,15,1,0,FT,GROUP_STAGE,H,2026-06-14 23:00:00+00,GROUP_E,REGULAR,,,1,0
537358,42,44,5,1,FT,GROUP_STAGE,H,2026-06-15 02:00:00+00,GROUP_F,REGULAR,,,5,1
537369,41,9,0,0,FT,GROUP_STAGE,D,2026-06-15 16:00:00+00,GROUP_H,REGULAR,,,0,0
537363,5,16,1,1,FT,GROUP_STAGE,D,2026-06-15 19:00:00+00,GROUP_G,REGULAR,,,1,1
537370,36,47,1,1,FT,GROUP_STAGE,D,2026-06-15 22:00:00+00,GROUP_H,REGULAR,,,1,1
537364,22,30,2,2,FT,GROUP_STAGE,D,2026-06-16 01:00:00+00,GROUP_G,REGULAR,,,2,2
537391,18,38,3,1,FT,GROUP_STAGE,H,2026-06-16 19:00:00+00,GROUP_I,REGULAR,,,3,1
537392,23,31,1,4,FT,GROUP_STAGE,A,2026-06-16 22:00:00+00,GROUP_I,REGULAR,,,1,4
537397,2,1,3,0,FT,GROUP_STAGE,H,2026-06-17 01:00:00+00,GROUP_J,REGULAR,,,3,0
537398,4,26,3,1,FT,GROUP_STAGE,H,2026-06-17 04:00:00+00,GROUP_J,REGULAR,,,3,1
537403,34,12,1,1,FT,GROUP_STAGE,D,2026-06-17 17:00:00+00,GROUP_K,REGULAR,,,1,1
537409,17,13,4,2,FT,GROUP_STAGE,H,2026-06-17 20:00:00+00,GROUP_L,REGULAR,,,4,2
537410,20,32,1,0,FT,GROUP_STAGE,H,2026-06-17 23:00:00+00,GROUP_L,REGULAR,,,1,0
537404,48,11,1,3,FT,GROUP_STAGE,A,2026-06-18 02:00:00+00,GROUP_K,REGULAR,,,1,3
537329,10,39,1,1,FT,GROUP_STAGE,D,2026-06-18 16:00:00+00,GROUP_A,REGULAR,,,1,1
537335,43,6,4,1,FT,GROUP_STAGE,H,2026-06-18 19:00:00+00,GROUP_B,REGULAR,,,4,1
537336,8,35,6,0,FT,GROUP_STAGE,H,2026-06-18 22:00:00+00,GROUP_B,REGULAR,,,6,0
537330,27,40,1,0,FT,GROUP_STAGE,H,2026-06-19 01:00:00+00,GROUP_A,REGULAR,,,1,0
537348,46,3,2,0,FT,GROUP_STAGE,H,2026-06-19 19:00:00+00,GROUP_D,REGULAR,,,2,0
537342,37,28,0,1,FT,GROUP_STAGE,A,2026-06-19 22:00:00+00,GROUP_C,REGULAR,,,0,1
537341,7,21,3,0,FT,GROUP_STAGE,H,2026-06-20 00:30:00+00,GROUP_C,REGULAR,,,3,0
537347,45,33,0,1,FT,GROUP_STAGE,A,2026-06-20 03:00:00+00,GROUP_D,REGULAR,,,0,1
537359,29,42,5,1,FT,GROUP_STAGE,H,2026-06-20 17:00:00+00,GROUP_F,REGULAR,,,5,1
537353,19,24,2,1,FT,GROUP_STAGE,H,2026-06-20 20:00:00+00,GROUP_E,REGULAR,,,2,1
537354,15,14,0,0,FT,GROUP_STAGE,D,2026-06-21 00:00:00+00,GROUP_E,REGULAR,,,0,0
537360,44,25,0,4,FT,GROUP_STAGE,A,2026-06-21 04:00:00+00,GROUP_F,REGULAR,,,0,4
537371,41,36,4,0,FT,GROUP_STAGE,H,2026-06-21 16:00:00+00,GROUP_H,REGULAR,,,4,0
537365,5,22,0,0,FT,GROUP_STAGE,D,2026-06-21 19:00:00+00,GROUP_G,REGULAR,,,0,0
537372,47,9,2,2,FT,GROUP_STAGE,D,2026-06-21 22:00:00+00,GROUP_H,REGULAR,,,2,2
537366,30,16,1,3,FT,GROUP_STAGE,A,2026-06-22 01:00:00+00,GROUP_G,REGULAR,,,1,3
537399,2,4,2,0,FT,GROUP_STAGE,H,2026-06-22 17:00:00+00,GROUP_J,REGULAR,,,2,0
537393,18,23,3,0,FT,GROUP_STAGE,H,2026-06-22 21:00:00+00,GROUP_I,REGULAR,,,3,0
537394,31,38,3,2,FT,GROUP_STAGE,H,2026-06-23 00:00:00+00,GROUP_I,REGULAR,,,3,2
537400,26,1,1,2,FT,GROUP_STAGE,A,2026-06-23 03:00:00+00,GROUP_J,REGULAR,,,1,2
537405,34,48,5,0,FT,GROUP_STAGE,H,2026-06-23 17:00:00+00,GROUP_K,REGULAR,,,5,0
537411,17,20,0,0,FT,GROUP_STAGE,D,2026-06-23 20:00:00+00,GROUP_L,REGULAR,,,0,0
537412,32,13,0,1,FT,GROUP_STAGE,A,2026-06-23 23:00:00+00,GROUP_L,REGULAR,,,0,1
537406,11,12,1,0,FT,GROUP_STAGE,H,2026-06-24 02:00:00+00,GROUP_K,REGULAR,,,1,0
537337,43,8,2,1,FT,GROUP_STAGE,H,2026-06-24 19:00:00+00,GROUP_B,REGULAR,,,2,1
537338,6,35,3,1,FT,GROUP_STAGE,H,2026-06-24 19:00:00+00,GROUP_B,REGULAR,,,3,1
537343,37,7,0,3,FT,GROUP_STAGE,A,2026-06-24 22:00:00+00,GROUP_C,REGULAR,,,0,3
537344,28,21,4,2,FT,GROUP_STAGE,H,2026-06-24 22:00:00+00,GROUP_C,REGULAR,,,4,2
537331,10,27,0,3,FT,GROUP_STAGE,A,2026-06-25 01:00:00+00,GROUP_A,REGULAR,,,0,3
537332,39,40,1,0,FT,GROUP_STAGE,H,2026-06-25 01:00:00+00,GROUP_A,REGULAR,,,1,0
537355,15,19,2,1,FT,GROUP_STAGE,H,2026-06-25 20:00:00+00,GROUP_E,REGULAR,,,2,1
537356,14,24,0,2,FT,GROUP_STAGE,A,2026-06-25 20:00:00+00,GROUP_E,REGULAR,,,0,2
537361,44,29,1,3,FT,GROUP_STAGE,A,2026-06-25 23:00:00+00,GROUP_F,REGULAR,,,1,3
537362,25,42,1,1,FT,GROUP_STAGE,D,2026-06-25 23:00:00+00,GROUP_F,REGULAR,,,1,1
537349,45,46,3,2,FT,GROUP_STAGE,H,2026-06-26 02:00:00+00,GROUP_D,REGULAR,,,3,2
537350,33,3,0,0,FT,GROUP_STAGE,D,2026-06-26 02:00:00+00,GROUP_D,REGULAR,,,0,0
537395,31,18,1,4,FT,GROUP_STAGE,A,2026-06-26 19:00:00+00,GROUP_I,REGULAR,,,1,4
537396,38,23,5,0,FT,GROUP_STAGE,H,2026-06-26 19:00:00+00,GROUP_I,REGULAR,,,5,0
537373,47,41,0,1,FT,GROUP_STAGE,A,2026-06-27 00:00:00+00,GROUP_H,REGULAR,,,0,1
537374,9,36,0,0,FT,GROUP_STAGE,D,2026-06-27 00:00:00+00,GROUP_H,REGULAR,,,0,0
537367,30,5,1,5,FT,GROUP_STAGE,A,2026-06-27 03:00:00+00,GROUP_G,REGULAR,,,1,5
537368,16,22,1,1,FT,GROUP_STAGE,D,2026-06-27 03:00:00+00,GROUP_G,REGULAR,,,1,1
537413,32,17,0,2,FT,GROUP_STAGE,A,2026-06-27 21:00:00+00,GROUP_L,REGULAR,,,0,2
537414,13,20,2,1,FT,GROUP_STAGE,H,2026-06-27 21:00:00+00,GROUP_L,REGULAR,,,2,1
537407,11,34,0,0,FT,GROUP_STAGE,D,2026-06-27 23:30:00+00,GROUP_K,REGULAR,,,0,0
537408,12,48,3,1,FT,GROUP_STAGE,H,2026-06-27 23:30:00+00,GROUP_K,REGULAR,,,3,1
537401,26,2,1,3,FT,GROUP_STAGE,A,2026-06-28 02:00:00+00,GROUP_J,REGULAR,,,1,3
537402,1,4,3,3,FT,GROUP_STAGE,D,2026-06-28 02:00:00+00,GROUP_J,REGULAR,,,3,3
537417,39,8,0,1,FT,LAST_32,A,2026-06-28 19:00:00+00,,REGULAR,,,0,1
537423,7,25,2,1,FT,LAST_32,H,2026-06-29 17:00:00+00,,REGULAR,,,2,1
537415,19,33,1,1,FT,LAST_32,A,2026-06-29 20:30:00+00,,PENALTY_SHOOTOUT,3,4,1,1
537418,29,28,1,1,FT,LAST_32,A,2026-06-30 01:00:00+00,,PENALTY_SHOOTOUT,2,3,1,1
537424,24,31,1,2,FT,LAST_32,A,2026-06-30 17:00:00+00,,REGULAR,,,1,2
537416,18,42,3,0,FT,LAST_32,H,2026-06-30 21:00:00+00,,REGULAR,,,3,0
537425,27,15,2,0,FT,LAST_32,H,2026-07-01 02:00:00+00,,REGULAR,,,2,0
537426,17,12,2,1,FT,LAST_32,H,2026-07-01 16:00:00+00,,REGULAR,,,2,1
537422,5,38,2,2,FT,LAST_32,H,2026-07-01 20:00:00+00,,EXTRA_TIME,,,3,2
537421,46,6,2,0,FT,LAST_32,H,2026-07-02 00:00:00+00,,REGULAR,,,2,0
537420,41,4,3,0,FT,LAST_32,H,2026-07-02 19:00:00+00,,REGULAR,,,3,0
537419,34,13,2,1,FT,LAST_32,H,2026-07-02 23:00:00+00,,REGULAR,,,2,1
537429,43,1,2,0,FT,LAST_32,H,2026-07-03 03:00:00+00,,REGULAR,,,2,0
537428,3,16,1,1,FT,LAST_32,A,2026-07-03 18:00:00+00,,PENALTY_SHOOTOUT,2,4,1,1
537427,2,9,1,1,FT,LAST_32,H,2026-07-03 22:00:00+00,,EXTRA_TIME,,,3,2
537430,11,20,1,0,FT,LAST_32,H,2026-07-04 01:30:00+00,,REGULAR,,,1,0
537376,8,28,0,3,FT,LAST_16,A,2026-07-04 17:00:00+00,,REGULAR,,,0,3
537375,33,18,0,1,FT,LAST_16,A,2026-07-04 21:00:00+00,,REGULAR,,,0,1
537377,7,31,1,2,FT,LAST_16,A,2026-07-05 20:00:00+00,,REGULAR,,,1,2
537378,27,17,2,3,FT,LAST_16,A,2026-07-06 01:00:00+00,,REGULAR,,,2,3
537379,34,41,0,1,FT,LAST_16,A,2026-07-06 19:00:00+00,,REGULAR,,,0,1
537380,46,5,1,4,FT,LAST_16,A,2026-07-07 00:00:00+00,,REGULAR,,,1,4
537381,2,16,3,2,FT,LAST_16,H,2026-07-07 16:00:00+00,,REGULAR,,,3,2
537382,43,11,0,0,FT,LAST_16,H,2026-07-07 20:00:00+00,,PENALTY_SHOOTOUT,4,3,0,0
537383,18,28,2,0,FT,QUARTER_FINALS,H,2026-07-09 20:00:00+00,,REGULAR,,,2,0
537384,41,5,2,1,FT,QUARTER_FINALS,H,2026-07-10 19:00:00+00,,REGULAR,,,2,1
537385,31,17,1,1,FT,QUARTER_FINALS,A,2026-07-11 21:00:00+00,,EXTRA_TIME,,,1,2
537386,2,43,1,1,FT,QUARTER_FINALS,H,2026-07-12 01:00:00+00,,EXTRA_TIME,,,3,1
537387,18,41,0,2,FT,SEMI_FINALS,A,2026-07-14 19:00:00+00,,REGULAR,,,0,2
537388,17,2,1,2,FT,SEMI_FINALS,A,2026-07-15 19:00:00+00,,REGULAR,,,1,2
537389,18,17,4,6,FT,THIRD_PLACE,A,2026-07-18 21:00:00+00,,REGULAR,,,4,6
537390,41,2,0,0,FT,FINAL,H,2026-07-19 19:00:00+00,,EXTRA_TIME,,,1,0
