id,as_id,name,logo
1,778,Algeria,
2,762,Argentina,
3,779,Australia,
4,816,Austria,
5,805,Belgium,
6,1060,Bosnia-Herzegovina,
7,764,Brazil,
8,828,Canada,
9,1930,Cape Verde Islands,
10,798,Czechia,
11,818,Colombia,
12,1934,Congo DR,
13,799,Croatia,
14,9460,Curaçao,
15,791,Ecuador,
16,825,Egypt,
17,770,England,
18,773,France,
19,759,Germany,
20,763,Ghana,
21,836,Haiti,
22,840,Iran,
23,8062,Iraq,
24,1935,Ivory Coast,
25,766,Japan,
26,8049,Jordan,
27,769,Mexico,
28,815,Morocco,
29,8601,Netherlands,
30,783,New Zealand,
31,8872,Norway,
32,1836,Panama,
33,761,Paraguay,
34,765,Portugal,
35,8030,Qatar,
36,801,Saudi Arabia,
37,8873,Scotland,
38,804,Senegal,
39,774,South Africa,
40,772,South Korea,
41,760,Spain,
42,792,Sweden,
43,788,Switzerland,
44,802,Tunisia,
45,803,Turkey,
46,771,United States,
47,758,Uruguay,
48,8070,Uzbekistan,
